assignment,mid term assessment,final assessment,learning adaptability,assign out,midterm outcomes,final outcomes
5.746683233,2.321589692,7.917195206,9.381640305,0,1,1
5.085223842,4.131470784,7.861067203,2.321070629,1,1,1
5.784143111,1.676391484,3.810418033,2.151905821,1,2,2
3.560830611,1.584581017,5.099016638,8.577073599,2,0,0
3.484263098,8.551307679,4.11966615,4.556075594,0,1,2
1.765770071,4.720807611,4.573177305,8.242709727,2,2,1
9.025407342,7.239522506,5.940909044,6.6611428,1,0,0
8.558596289,8.977537297,1.180841667,8.248876285,1,0,2
6.523290584,9.995938255,8.310834682,6.068470181,2,1,0
